{
  "time": {
    "0": "10:0",
    "1": "10:30",
    "2": "11:0",
    "3": "11:30",
    "4": "12:0",
    "5": "13:0",
    "6": "13:30",
    "7": "14:0",
    "8": "14:30",
    "9": "15:0",
    "10": "15:30",
    "11": "16:0",
    "12": "16:30",
    "13": "17:0",
    "14": "8:0",
    "15": "8:30",
    "16": "9:0",
    "17": "9:30"
  },
  "CycleTime": {
    "0": 10.1383783784,
    "1": 2.3537190083,
    "2": 2.9777952756,
    "3": 5.1875409836,
    "4": 219.0,
    "5": 7.9281938326,
    "6": 2.2108108108,
    "7": 2.2706179067,
    "8": 8.4107476636,
    "9": 2.5632592593,
    "10": 2.4819577735,
    "11": 3.6270229008,
    "12": 3.6566929134,
    "13": 873.3,
    "14": 0.0,
    "15": 6.9486486486,
    "16": 2.2643127364,
    "17": 2.6070889894
  },
  "Yield": {
    "0": 1721.5243243243,
    "1": 2109.9421487603,
    "2": 2674.2850393701,
    "3": 3024.6163934426,
    "4": 3149.0,
    "5": 3430.5227606461,
    "6": 4059.5012285012,
    "7": 4735.290037831,
    "8": 5157.714953271,
    "9": 5539.4948148148,
    "10": 6048.5143953935,
    "11": 6546.3221374046,
    "12": 6937.9409448819,
    "13": 7027.0,
    "14": 0.0,
    "15": 212.8108108108,
    "16": 750.0807061791,
    "17": 1361.7843137255
  },
  "operatioe time(sec)": {
    "0": 6997.0043243243,
    "1": 7978.5330578512,
    "2": 10025.3716535433,
    "3": 11591.4409836066,
    "4": 12381.4,
    "5": 13437.2944199707,
    "6": 15117.0916461917,
    "7": 16852.0593947037,
    "8": 18906.9691588785,
    "9": 20462.6071111111,
    "10": 21951.7268714012,
    "11": 24285.9033587786,
    "12": 25284.2220472441,
    "13": 26781.7,
    "14": 0.0,
    "15": 1128.0237451737,
    "16": 2645.9709962169,
    "17": 4495.4929110106
  },
  "operatioe time(hour)": {
    "0": 1.9436123124,
    "1": 2.2162591827,
    "2": 2.7848254593,
    "3": 3.2198447177,
    "4": 3.439277778,
    "5": 3.7325817833,
    "6": 4.1991921239,
    "7": 4.6811276097,
    "8": 5.2519358775,
    "9": 5.6840575309,
    "10": 6.0977019087,
    "11": 6.7460842663,
    "12": 7.0233950132,
    "13": 7.439361111,
    "14": 0.0,
    "15": 0.3133399292,
    "16": 0.7349919434,
    "17": 1.2487480308
  },
  "ExpectedYield": {
    "0": 2239.0702702703,
    "1": 2553.1308539945,
    "2": 3208.125984252,
    "3": 3709.2819672131,
    "4": 3962.0,
    "5": 4299.93979442,
    "6": 4837.4717444717,
    "7": 5392.6557377049,
    "8": 6050.2336448598,
    "9": 6548.0266666667,
    "10": 7024.556621881,
    "11": 7771.4839694656,
    "12": 8090.9527559055,
    "13": 8570.0,
    "14": 0.0,
    "15": 360.971042471,
    "16": 846.7200504414,
    "17": 1438.5595776772
  },
  "efficientcy%": {
    "0": 76.9189189189,
    "1": 82.4669421488,
    "2": 83.2929133858,
    "3": 81.5967213115,
    "4": 79.0,
    "5": 79.8046989721,
    "6": 83.8636363636,
    "7": 87.8083228247,
    "8": 85.2429906542,
    "9": 84.5807407407,
    "10": 86.0748560461,
    "11": 84.2183206107,
    "12": 85.905511811,
    "13": 82.0,
    "14": 0.0,
    "15": 53.6698841699,
    "16": 87.3341740227,
    "17": 94.5837104072
  },
  "ExpectedProductivity": {
    "0": 2880.0,
    "1": 2880.0,
    "2": 2880.0,
    "3": 2880.0,
    "4": 2880.0,
    "5": 2880.0,
    "6": 2880.0,
    "7": 2880.0,
    "8": 2880.0,
    "9": 2880.0,
    "10": 2880.0,
    "11": 2880.0,
    "12": 2880.0,
    "13": 2880.0,
    "14": 0.0,
    "15": 2874.4401544402,
    "16": 2880.0,
    "17": 2880.0
  },
  "Productivity": {
    "0": 2214.0002448649,
    "1": 2376.100615978,
    "2": 2399.3382588976,
    "3": 2349.2485295082,
    "4": 2288.998,
    "5": 2296.4786334802,
    "6": 2415.7538479115,
    "7": 2528.3082003783,
    "8": 2458.0394943925,
    "9": 2436.1823158519,
    "10": 2479.5797055662,
    "11": 2425.6557367939,
    "12": 2469.6094984252,
    "13": 2361.4259,
    "14": 0.0,
    "15": 1545.3981959459,
    "16": 2515.361231652,
    "17": 2724.0553043741
  },
  "cumulative_cycletime": {
    "0": 3488.8443243243,
    "1": 4283.2431129477,
    "2": 5417.8831496063,
    "3": 6123.8029508197,
    "4": 6372.8,
    "5": 6943.2116005874,
    "6": 8205.692014742,
    "7": 9537.7683480454,
    "8": 10394.7976635514,
    "9": 11164.4250370371,
    "10": 12196.6412667946,
    "11": 13177.4091603053,
    "12": 13936.9763779527,
    "13": 14106.8,
    "14": 0.0,
    "15": 433.2451737452,
    "16": 1520.1982345523,
    "17": 2757.0073906486
  },
  "cumulative_stdtime": {
    "0": 3489.6951351351,
    "1": 4284.1781680441,
    "2": 5418.7907480315,
    "3": 6124.5886065574,
    "4": 6372.8,
    "5": 6944.140712188,
    "6": 8206.6439189189,
    "7": 9538.7162988651,
    "8": 10395.7127336449,
    "9": 11165.3508888889,
    "10": 12197.6380518234,
    "11": 13178.3969465649,
    "12": 13937.9147637795,
    "13": 14106.8,
    "14": 0.0,
    "15": 434.1168436293,
    "16": 1521.1436948298,
    "17": 2757.9340120664
  },
  "hour": {
    "0": 10.0,
    "1": 10.0,
    "2": 11.0,
    "3": 11.0,
    "4": 12.0,
    "5": 13.0,
    "6": 13.0,
    "7": 14.0,
    "8": 14.0,
    "9": 15.0,
    "10": 15.0,
    "11": 16.0,
    "12": 16.0,
    "13": 17.0,
    "14": 8.0,
    "15": 8.0,
    "16": 9.0,
    "17": 9.0
  },
  "min": {
    "0": 0.0,
    "1": 30.0,
    "2": 0.0,
    "3": 30.0,
    "4": 0.0,
    "5": 0.0,
    "6": 30.0,
    "7": 0.0,
    "8": 30.0,
    "9": 0.0,
    "10": 30.0,
    "11": 0.0,
    "12": 30.0,
    "13": 0.0,
    "14": 0.0,
    "15": 30.0,
    "16": 0.0,
    "17": 30.0
  }
}
