{
  "time": {
    "0": "8:0",
    "1": "8:30",
    "2": "9:0",
    "3": "9:30",
    "4": "10:0",
    "5": "10:30",
    "6": "11:0",
    "7": "11:30",
    "8": "12:0",
    "9": "13:0",
    "10": "13:30",
    "11": "14:0",
    "12": "14:30",
    "13": "15:0",
    "14": "15:30",
    "15": "16:0",
    "16": "16:30",
    "17": "17:0"
  },
  "CycleTime": {
    "0": 0.0,
    "1": 6.9486486486,
    "2": 2.2643127364,
    "3": 2.6070889894,
    "4": 10.1383783784,
    "5": 2.3537190083,
    "6": 2.9777952756,
    "7": 5.1875409836,
    "8": 219.0,
    "9": 7.9281938326,
    "10": 2.2108108108,
    "11": 2.2706179067,
    "12": 8.4107476636,
    "13": 2.5632592593,
    "14": 2.4819577735,
    "15": 3.6270229008,
    "16": 3.6566929134,
    "17": 873.3
  },
  "Yield": {
    "0": 0.0,
    "1": 212.8108108108,
    "2": 750.0807061791,
    "3": 1361.7843137255,
    "4": 1721.5243243243,
    "5": 2109.9421487603,
    "6": 2674.2850393701,
    "7": 3024.6163934426,
    "8": 3149.0,
    "9": 3430.5227606461,
    "10": 4059.5012285012,
    "11": 4735.290037831,
    "12": 5157.714953271,
    "13": 5539.4948148148,
    "14": 6048.5143953935,
    "15": 6546.3221374046,
    "16": 6937.9409448819,
    "17": 7027.0
  },
  "operatioetime(sec)": {
    "0": 0.0,
    "1": 1128.0237451737,
    "2": 2645.9709962169,
    "3": 4495.4929110106,
    "4": 6997.0043243243,
    "5": 7978.5330578512,
    "6": 10025.3716535433,
    "7": 11591.4409836066,
    "8": 12381.4,
    "9": 13437.2944199707,
    "10": 15117.0916461917,
    "11": 16852.0593947037,
    "12": 18906.9691588785,
    "13": 20462.6071111111,
    "14": 21951.7268714012,
    "15": 24285.9033587786,
    "16": 25284.2220472441,
    "17": 26781.7
  },
  "operatioetime(hour)": {
    "0": 0.0,
    "1": 0.3133399292,
    "2": 0.7349919434,
    "3": 1.2487480308,
    "4": 1.9436123124,
    "5": 2.2162591827,
    "6": 2.7848254593,
    "7": 3.2198447177,
    "8": 3.439277778,
    "9": 3.7325817833,
    "10": 4.1991921239,
    "11": 4.6811276097,
    "12": 5.2519358775,
    "13": 5.6840575309,
    "14": 6.0977019087,
    "15": 6.7460842663,
    "16": 7.0233950132,
    "17": 7.439361111
  },
  "ExpectedYield": {
    "0": 0.0,
    "1": 360.971042471,
    "2": 846.7200504414,
    "3": 1438.5595776772,
    "4": 2239.0702702703,
    "5": 2553.1308539945,
    "6": 3208.125984252,
    "7": 3709.2819672131,
    "8": 3962.0,
    "9": 4299.93979442,
    "10": 4837.4717444717,
    "11": 5392.6557377049,
    "12": 6050.2336448598,
    "13": 6548.0266666667,
    "14": 7024.556621881,
    "15": 7771.4839694656,
    "16": 8090.9527559055,
    "17": 8570.0
  },
  "efficientcy%": {
    "0": 0.0,
    "1": 53.6698841699,
    "2": 87.3341740227,
    "3": 94.5837104072,
    "4": 76.9189189189,
    "5": 82.4669421488,
    "6": 83.2929133858,
    "7": 81.5967213115,
    "8": 79.0,
    "9": 79.8046989721,
    "10": 83.8636363636,
    "11": 87.8083228247,
    "12": 85.2429906542,
    "13": 84.5807407407,
    "14": 86.0748560461,
    "15": 84.2183206107,
    "16": 85.905511811,
    "17": 82.0
  },
  "ExpectedProductivity": {
    "0": 0.0,
    "1": 2874.4401544402,
    "2": 2880.0,
    "3": 2880.0,
    "4": 2880.0,
    "5": 2880.0,
    "6": 2880.0,
    "7": 2880.0,
    "8": 2880.0,
    "9": 2880.0,
    "10": 2880.0,
    "11": 2880.0,
    "12": 2880.0,
    "13": 2880.0,
    "14": 2880.0,
    "15": 2880.0,
    "16": 2880.0,
    "17": 2880.0
  },
  "Productivity": {
    "0": 0.0,
    "1": 1545.3981959459,
    "2": 2515.361231652,
    "3": 2724.0553043741,
    "4": 2214.0002448649,
    "5": 2376.100615978,
    "6": 2399.3382588976,
    "7": 2349.2485295082,
    "8": 2288.998,
    "9": 2296.4786334802,
    "10": 2415.7538479115,
    "11": 2528.3082003783,
    "12": 2458.0394943925,
    "13": 2436.1823158519,
    "14": 2479.5797055662,
    "15": 2425.6557367939,
    "16": 2469.6094984252,
    "17": 2361.4259
  },
  "cumulative_cycletime": {
    "0": 0.0,
    "1": 433.2451737452,
    "2": 1520.1982345523,
    "3": 2757.0073906486,
    "4": 3488.8443243243,
    "5": 4283.2431129477,
    "6": 5417.8831496063,
    "7": 6123.8029508197,
    "8": 6372.8,
    "9": 6943.2116005874,
    "10": 8205.692014742,
    "11": 9537.7683480454,
    "12": 10394.7976635514,
    "13": 11164.4250370371,
    "14": 12196.6412667946,
    "15": 13177.4091603053,
    "16": 13936.9763779527,
    "17": 14106.8
  },
  "cumulative_stdtime": {
    "0": 0.0,
    "1": 434.1168436293,
    "2": 1521.1436948298,
    "3": 2757.9340120664,
    "4": 3489.6951351351,
    "5": 4284.1781680441,
    "6": 5418.7907480315,
    "7": 6124.5886065574,
    "8": 6372.8,
    "9": 6944.140712188,
    "10": 8206.6439189189,
    "11": 9538.7162988651,
    "12": 10395.7127336449,
    "13": 11165.3508888889,
    "14": 12197.6380518234,
    "15": 13178.3969465649,
    "16": 13937.9147637795,
    "17": 14106.8
  },
  "hour": {
    "0": 8.0,
    "1": 8.0,
    "2": 9.0,
    "3": 9.0,
    "4": 10.0,
    "5": 10.0,
    "6": 11.0,
    "7": 11.0,
    "8": 12.0,
    "9": 13.0,
    "10": 13.0,
    "11": 14.0,
    "12": 14.0,
    "13": 15.0,
    "14": 15.0,
    "15": 16.0,
    "16": 16.0,
    "17": 17.0
  },
  "min": {
    "0": 0.0,
    "1": 30.0,
    "2": 0.0,
    "3": 30.0,
    "4": 0.0,
    "5": 30.0,
    "6": 0.0,
    "7": 30.0,
    "8": 0.0,
    "9": 0.0,
    "10": 30.0,
    "11": 0.0,
    "12": 30.0,
    "13": 0.0,
    "14": 30.0,
    "15": 0.0,
    "16": 30.0,
    "17": 0.0
  }
}
